{"cameraMode":{"drawMode":0,"name":"Shaded","section":"Shading Mode"},"sceneLighting":true,"audioPlay":false,"sceneViewState":{"m_AlwaysRefresh":false,"showFog":true,"showSkybox":true,"showFlares":true,"showImageEffects":true,"showParticleSystems":true,"showVisualEffectGraphs":true,"m_FxEnabled":true},"in2DMode":false,"pivot":{"x":0.43038833141326907,"y":0.3005843162536621,"z":8.68303108215332},"rotation":{"x":-0.21589812636375428,"y":-0.041879091411828998,"z":0.009268236346542836,"w":-0.9754972457885742},"size":11.441312789916993,"orthographic":false}